champion,partner,note
Xayah,Rakan,Rakan engages and Xayah follows with feathers
Yasuo,Malphite,Knock-ups for Last Breath
Yasuo,Gragas,Knock-ups for Last Breath
Yasuo,Alistar,Knock-ups for Last Breath
Yasuo,Gnar,Knock-ups for Last Breath
Yasuo,Wukong,Knock-ups for Last Breath
Yasuo,Zac,Knock-ups for Last Breath
Yasuo,Rakan,Knock-ups for Last Breath
Yone,Malphite,Knock-ups for Fate Sealed follow-up
Orianna,Jarvan IV,Ball rides the jungler's engage
Orianna,Malphite,Ball rides the engage
Orianna,Wukong,Ball rides the engage
Orianna,Nocturne,Ball rides the dive
Orianna,Sion,Ball rides the engage
Rumble,Jarvan IV,Equalizer lands inside Cataclysm
Miss Fortune,Amumu,Bullet Time into a locked-down team
Miss Fortune,Leona,Bullet Time into a locked-down team
Kalista,Alistar,Throw the support into Headbutt engages
Kalista,Rell,Throw the support into Rell's engage
Kai'Sa,Nautilus,Killer Instinct follows Nautilus's CC
Samira,Rell,Rell's engage sets up Inferno Trigger
Samira,Nautilus,Nautilus's CC sets up Inferno Trigger
Samira,Alistar,Alistar's engage sets up Inferno Trigger
Lucian,Nami,Tidecaller's Blessing boosts Lucian's double shots
Lucian,Braum,Lucian stacks Braum's passive fast
Kog'Maw,Lulu,Lulu protects and speeds up the hypercarry
Jinx,Lulu,Lulu protects and speeds up the hypercarry
Twitch,Lulu,Lulu protects and speeds up the hypercarry
Jinx,Milio,Milio's range and cleanse keep Jinx firing
Zeri,Yuumi,Yuumi keeps Zeri moving and healed
Ezreal,Yuumi,Yuumi rides a safe poke carry
Senna,Tahm Kench,Tahm keeps Senna safe while she scales
Master Yi,Taric,Cosmic Radiance lets Yi reset freely
Twisted Fate,Nocturne,Two global ultimates for cross-map picks
Camille,Galio,Galio joins Camille's dive
